[{

    "nav_name":"Profile",
    
    "nav_link":"/ocs/profile",
    
    "nav_icons":"<i class='fa fa-user' aria-hidden='true'></i>"
    
    },{
    
    "nav_name":"My Delivery",
    
    "nav_link":"",
    
    "nav_icons":"<i class='fa fa-list-alt' aria-hidden='true'></i>"
    
    },{
    
    "nav_name":"Home",
    
    "nav_link":"",
    
    "nav_icons":"<i class='fa fa-home' aria-hidden='true'></i>"
    
    },{
    
    "nav_name":"Current Delivery Status",
    
    "nav_link":"",
    
    "nav_icons":"<i class='fa fa-clock-o' aria-hidden='true'></i>"
    
    },{
    
    "nav_name":"Logout",
    
    "nav_link":"/login",
    
    "nav_icons":"<i class='fa fa-sign-out' aria-hidden='true'></i>"
    
    }]