[
    {
        "code":"BMW",
        "Description":"BMW"
    },
    {
        "code":"Mercedes Benz",
        "Description":"Mercedes Benz"
    },
    {
        "code":"Audi",
        "Description":"Audi"
    },
    {
        "code":"Tata",
        "Description":"Tata"
    },
    {
        "code":"Toyota",
        "Description":"Toyota"
    },
    {
        "code":"Maruthi",
        "Description":"Maruthi"
    },
    {
        "code":"Hyundai",
        "Description":"Hyundai"
    },
    {
        "code":"Honda",
        "Description":"Honda"
    },
    {
        "code":"Skoda",
        "Description":"Skoda"
    },
    {
        "code":"Volkswagen",
        "Description":"Volkswagen"
    }
]